Zmienna,Jednostka miary,Jednostka terytorialna,Wiek,Płeć,Rok,Wartość
Przeciętne dalsze trwanie życia,rok,Polska,0,Kobiety,1950,61.7
Przeciętne dalsze trwanie życia,rok,Polska,15,Kobiety,1950,55.7
Przeciętne dalsze trwanie życia,rok,Polska,30,Kobiety,1950,42.3
Przeciętne dalsze trwanie życia,rok,Polska,45,Kobiety,1950,29.2
Przeciętne dalsze trwanie życia,rok,Polska,60,Kobiety,1950,17.1
Przeciętne dalsze trwanie życia,rok,Polska,75,Kobiety,1950,7.8
Przeciętne dalsze trwanie życia,rok,Polska,0,Mężczyźni,1950,56.1
Przeciętne dalsze trwanie życia,rok,Polska,15,Mężczyźni,1950,51
Przeciętne dalsze trwanie życia,rok,Polska,30,Mężczyźni,1950,38.1
Przeciętne dalsze trwanie życia,rok,Polska,45,Mężczyźni,1950,25.5
Przeciętne dalsze trwanie życia,rok,Polska,60,Mężczyźni,1950,14.6
Przeciętne dalsze trwanie życia,rok,Polska,75,Mężczyźni,1950,6.9
Przeciętne dalsze trwanie życia,rok,Polska,0,Kobiety,1951,60.7
Przeciętne dalsze trwanie życia,rok,Polska,15,Kobiety,1951,55.1
Przeciętne dalsze trwanie życia,rok,Polska,30,Kobiety,1951,41.9
Przeciętne dalsze trwanie życia,rok,Polska,45,Kobiety,1951,28.7
Przeciętne dalsze trwanie życia,rok,Polska,60,Kobiety,1951,16.6
Przeciętne dalsze trwanie życia,rok,Polska,75,Kobiety,1951,7.5
Przeciętne dalsze trwanie życia,rok,Polska,0,Mężczyźni,1951,55.1
Przeciętne dalsze trwanie życia,rok,Polska,15,Mężczyźni,1951,50.6
Przeciętne dalsze trwanie życia,rok,Polska,30,Mężczyźni,1951,37.7
Przeciętne dalsze trwanie życia,rok,Polska,45,Mężczyźni,1951,25
Przeciętne dalsze trwanie życia,rok,Polska,60,Mężczyźni,1951,14.2
Przeciętne dalsze trwanie życia,rok,Polska,75,Mężczyźni,1951,6.5
Przeciętne dalsze trwanie życia,rok,Polska,0,Kobiety,1952,63.1
Przeciętne dalsze trwanie życia,rok,Polska,15,Kobiety,1952,55.8
Przeciętne dalsze trwanie życia,rok,Polska,30,Kobiety,1952,42.4
Przeciętne dalsze trwanie życia,rok,Polska,45,Kobiety,1952,29.1
Przeciętne dalsze trwanie życia,rok,Polska,60,Kobiety,1952,16.9
Przeciętne dalsze trwanie życia,rok,Polska,75,Kobiety,1952,7.7
Przeciętne dalsze trwanie życia,rok,Polska,0,Mężczyźni,1952,57.6
Przeciętne dalsze trwanie życia,rok,Polska,15,Mężczyźni,1952,51.3
Przeciętne dalsze trwanie życia,rok,Polska,30,Mężczyźni,1952,38.2
Przeciętne dalsze trwanie życia,rok,Polska,45,Mężczyźni,1952,25.4
Przeciętne dalsze trwanie życia,rok,Polska,60,Mężczyźni,1952,14.4
Przeciętne dalsze trwanie życia,rok,Polska,75,Mężczyźni,1952,6.8
Przeciętne dalsze trwanie życia,rok,Polska,0,Kobiety,1953,65.1
Przeciętne dalsze trwanie życia,rok,Polska,15,Kobiety,1953,57.2
Przeciętne dalsze trwanie życia,rok,Polska,30,Kobiety,1953,43.2
Przeciętne dalsze trwanie życia,rok,Polska,45,Kobiety,1953,29.6
Przeciętne dalsze trwanie życia,rok,Polska,60,Kobiety,1953,17.2
Przeciętne dalsze trwanie życia,rok,Polska,75,Kobiety,1953,7.8
Przeciętne dalsze trwanie życia,rok,Polska,0,Mężczyźni,1953,59.6
Przeciętne dalsze trwanie życia,rok,Polska,15,Mężczyźni,1953,52.7
Przeciętne dalsze trwanie życia,rok,Polska,30,Mężczyźni,1953,39.3
Przeciętne dalsze trwanie życia,rok,Polska,45,Mężczyźni,1953,26.1
Przeciętne dalsze trwanie życia,rok,Polska,60,Mężczyźni,1953,14.8
Przeciętne dalsze trwanie życia,rok,Polska,75,Mężczyźni,1953,6.9
Przeciętne dalsze trwanie życia,rok,Polska,0,Kobiety,1954,65.1
Przeciętne dalsze trwanie życia,rok,Polska,15,Kobiety,1954,56.7
Przeciętne dalsze trwanie życia,rok,Polska,30,Kobiety,1954,42.7
Przeciętne dalsze trwanie życia,rok,Polska,45,Kobiety,1954,29.1
Przeciętne dalsze trwanie życia,rok,Polska,60,Kobiety,1954,16.6
Przeciętne dalsze trwanie życia,rok,Polska,75,Kobiety,1954,7.2
Przeciętne dalsze trwanie życia,rok,Polska,0,Mężczyźni,1954,59.8
Przeciętne dalsze trwanie życia,rok,Polska,15,Mężczyźni,1954,52.4
Przeciętne dalsze trwanie życia,rok,Polska,30,Mężczyźni,1954,38.8
Przeciętne dalsze trwanie życia,rok,Polska,45,Mężczyźni,1954,25.6
Przeciętne dalsze trwanie życia,rok,Polska,60,Mężczyźni,1954,14.2
Przeciętne dalsze trwanie życia,rok,Polska,75,Mężczyźni,1954,6.3
Przeciętne dalsze trwanie życia,rok,Polska,0,Kobiety,1955,66.2
Przeciętne dalsze trwanie życia,rok,Polska,15,Kobiety,1955,57.8
Przeciętne dalsze trwanie życia,rok,Polska,30,Kobiety,1955,43.7
Przeciętne dalsze trwanie życia,rok,Polska,45,Kobiety,1955,30
Przeciętne dalsze trwanie życia,rok,Polska,60,Kobiety,1955,17.5
Przeciętne dalsze trwanie życia,rok,Polska,75,Kobiety,1955,8.1
Przeciętne dalsze trwanie życia,rok,Polska,0,Mężczyźni,1955,60.8
Przeciętne dalsze trwanie życia,rok,Polska,15,Mężczyźni,1955,53.3
Przeciętne dalsze trwanie życia,rok,Polska,30,Mężczyźni,1955,39.7
Przeciętne dalsze trwanie życia,rok,Polska,45,Mężczyźni,1955,26.5
Przeciętne dalsze trwanie życia,rok,Polska,60,Mężczyźni,1955,15.1
Przeciętne dalsze trwanie życia,rok,Polska,75,Mężczyźni,1955,7.2
Przeciętne dalsze trwanie życia,rok,Polska,0,Kobiety,1956,67.5
Przeciętne dalsze trwanie życia,rok,Polska,15,Kobiety,1956,58.1
Przeciętne dalsze trwanie życia,rok,Polska,30,Kobiety,1956,43.9
Przeciętne dalsze trwanie życia,rok,Polska,45,Kobiety,1956,30.2
Przeciętne dalsze trwanie życia,rok,Polska,60,Kobiety,1956,17.6
Przeciętne dalsze trwanie życia,rok,Polska,75,Kobiety,1956,7.9
Przeciętne dalsze trwanie życia,rok,Polska,0,Mężczyźni,1956,62.3
Przeciętne dalsze trwanie życia,rok,Polska,15,Mężczyźni,1956,53.7
Przeciętne dalsze trwanie życia,rok,Polska,30,Mężczyźni,1956,40
Przeciętne dalsze trwanie życia,rok,Polska,45,Mężczyźni,1956,26.6
Przeciętne dalsze trwanie życia,rok,Polska,60,Mężczyźni,1956,15.1
Przeciętne dalsze trwanie życia,rok,Polska,75,Mężczyźni,1956,7.1
Przeciętne dalsze trwanie życia,rok,Polska,0,Kobiety,1957,66.7
Przeciętne dalsze trwanie życia,rok,Polska,15,Kobiety,1957,57.7
Przeciętne dalsze trwanie życia,rok,Polska,30,Kobiety,1957,43.5
Przeciętne dalsze trwanie życia,rok,Polska,45,Kobiety,1957,29.8
Przeciętne dalsze trwanie życia,rok,Polska,60,Kobiety,1957,17.2
Przeciętne dalsze trwanie życia,rok,Polska,75,Kobiety,1957,7.6
Przeciętne dalsze trwanie życia,rok,Polska,0,Mężczyźni,1957,61.2
Przeciętne dalsze trwanie życia,rok,Polska,15,Mężczyźni,1957,53
Przeciętne dalsze trwanie życia,rok,Polska,30,Mężczyźni,1957,39.4
Przeciętne dalsze trwanie życia,rok,Polska,45,Mężczyźni,1957,26.1
Przeciętne dalsze trwanie życia,rok,Polska,60,Mężczyźni,1957,14.6
Przeciętne dalsze trwanie życia,rok,Polska,75,Mężczyźni,1957,6.8
Przeciętne dalsze trwanie życia,rok,Polska,0,Kobiety,1958,68.6
Przeciętne dalsze trwanie życia,rok,Polska,15,Kobiety,1958,59.1
Przeciętne dalsze trwanie życia,rok,Polska,30,Kobiety,1958,44.8
Przeciętne dalsze trwanie życia,rok,Polska,45,Kobiety,1958,31
Przeciętne dalsze trwanie życia,rok,Polska,60,Kobiety,1958,18.2
Przeciętne dalsze trwanie życia,rok,Polska,75,Kobiety,1958,8.2
Przeciętne dalsze trwanie życia,rok,Polska,0,Mężczyźni,1958,63.1
Przeciętne dalsze trwanie życia,rok,Polska,15,Mężczyźni,1958,54.6
Przeciętne dalsze trwanie życia,rok,Polska,30,Mężczyźni,1958,40.9
Przeciętne dalsze trwanie życia,rok,Polska,45,Mężczyźni,1958,27.5
Przeciętne dalsze trwanie życia,rok,Polska,60,Mężczyźni,1958,15.8
Przeciętne dalsze trwanie życia,rok,Polska,75,Mężczyźni,1958,7.5
Przeciętne dalsze trwanie życia,rok,Polska,0,Kobiety,1959,68.3
Przeciętne dalsze trwanie życia,rok,Polska,15,Kobiety,1959,58.9
Przeciętne dalsze trwanie życia,rok,Polska,30,Kobiety,1959,44.6
Przeciętne dalsze trwanie życia,rok,Polska,45,Kobiety,1959,30.7
Przeciętne dalsze trwanie życia,rok,Polska,60,Kobiety,1959,17.9
Przeciętne dalsze trwanie życia,rok,Polska,75,Kobiety,1959,7.9
Przeciętne dalsze trwanie życia,rok,Polska,0,Mężczyźni,1959,62.7
Przeciętne dalsze trwanie życia,rok,Polska,15,Mężczyźni,1959,54
Przeciętne dalsze trwanie życia,rok,Polska,30,Mężczyźni,1959,40.3
Przeciętne dalsze trwanie życia,rok,Polska,45,Mężczyźni,1959,27
Przeciętne dalsze trwanie życia,rok,Polska,60,Mężczyźni,1959,15.2
Przeciętne dalsze trwanie życia,rok,Polska,75,Mężczyźni,1959,7.1
Przeciętne dalsze trwanie życia,rok,Polska,0,Kobiety,1960,70.6
Przeciętne dalsze trwanie życia,rok,Polska,15,Kobiety,1960,59.9
Przeciętne dalsze trwanie życia,rok,Polska,30,Kobiety,1960,45.5
Przeciętne dalsze trwanie życia,rok,Polska,45,Kobiety,1960,31.6
Przeciętne dalsze trwanie życia,rok,Polska,60,Kobiety,1960,18.7
Przeciętne dalsze trwanie życia,rok,Polska,75,Kobiety,1960,8.6
Przeciętne dalsze trwanie życia,rok,Polska,0,Mężczyźni,1960,64.9
Przeciętne dalsze trwanie życia,rok,Polska,15,Mężczyźni,1960,55
Przeciętne dalsze trwanie życia,rok,Polska,30,Mężczyźni,1960,41.1
Przeciętne dalsze trwanie życia,rok,Polska,45,Mężczyźni,1960,27.7
Przeciętne dalsze trwanie życia,rok,Polska,60,Mężczyźni,1960,15.9
Przeciętne dalsze trwanie życia,rok,Polska,75,Mężczyźni,1960,7.5
Przeciętne dalsze trwanie życia,rok,Polska,0,Kobiety,1961,70.8
Przeciętne dalsze trwanie życia,rok,Polska,15,Kobiety,1961,60
Przeciętne dalsze trwanie życia,rok,Polska,30,Kobiety,1961,45.6
Przeciętne dalsze trwanie życia,rok,Polska,45,Kobiety,1961,31.6
Przeciętne dalsze trwanie życia,rok,Polska,60,Kobiety,1961,18.7
Przeciętne dalsze trwanie życia,rok,Polska,75,Kobiety,1961,8.7
Przeciętne dalsze trwanie życia,rok,Polska,0,Mężczyźni,1961,64.9
Przeciętne dalsze trwanie życia,rok,Polska,15,Mężczyźni,1961,54.8
Przeciętne dalsze trwanie życia,rok,Polska,30,Mężczyźni,1961,41
Przeciętne dalsze trwanie życia,rok,Polska,45,Mężczyźni,1961,27.6
Przeciętne dalsze trwanie życia,rok,Polska,60,Mężczyźni,1961,15.8
Przeciętne dalsze trwanie życia,rok,Polska,75,Mężczyźni,1961,7.7
Przeciętne dalsze trwanie życia,rok,Polska,0,Kobiety,1962,70.5
Przeciętne dalsze trwanie życia,rok,Polska,15,Kobiety,1962,59.7
Przeciętne dalsze trwanie życia,rok,Polska,30,Kobiety,1962,45.3
Przeciętne dalsze trwanie życia,rok,Polska,45,Kobiety,1962,31.3
Przeciętne dalsze trwanie życia,rok,Polska,60,Kobiety,1962,18.4
Przeciętne dalsze trwanie życia,rok,Polska,75,Kobiety,1962,8.4
Przeciętne dalsze trwanie życia,rok,Polska,0,Mężczyźni,1962,64.5
Przeciętne dalsze trwanie życia,rok,Polska,15,Mężczyźni,1962,54.4
Przeciętne dalsze trwanie życia,rok,Polska,30,Mężczyźni,1962,40.6
Przeciętne dalsze trwanie życia,rok,Polska,45,Mężczyźni,1962,27.3
Przeciętne dalsze trwanie życia,rok,Polska,60,Mężczyźni,1962,15.4
Przeciętne dalsze trwanie życia,rok,Polska,75,Mężczyźni,1962,7.3
Przeciętne dalsze trwanie życia,rok,Polska,0,Kobiety,1963,71.5
Przeciętne dalsze trwanie życia,rok,Polska,15,Kobiety,1963,60.3
Przeciętne dalsze trwanie życia,rok,Polska,30,Kobiety,1963,45.8
Przeciętne dalsze trwanie życia,rok,Polska,45,Kobiety,1963,31.9
Przeciętne dalsze trwanie życia,rok,Polska,60,Kobiety,1963,18.9
Przeciętne dalsze trwanie życia,rok,Polska,75,Kobiety,1963,8.8
Przeciętne dalsze trwanie życia,rok,Polska,0,Mężczyźni,1963,65.4
Przeciętne dalsze trwanie życia,rok,Polska,15,Mężczyźni,1963,55
Przeciętne dalsze trwanie życia,rok,Polska,30,Mężczyźni,1963,41.2
Przeciętne dalsze trwanie życia,rok,Polska,45,Mężczyźni,1963,27.8
Przeciętne dalsze trwanie życia,rok,Polska,60,Mężczyźni,1963,15.9
Przeciętne dalsze trwanie życia,rok,Polska,75,Mężczyźni,1963,7.5
Przeciętne dalsze trwanie życia,rok,Polska,0,Kobiety,1964,71.6
Przeciętne dalsze trwanie życia,rok,Polska,15,Kobiety,1964,60.3
Przeciętne dalsze trwanie życia,rok,Polska,30,Kobiety,1964,45.8
Przeciętne dalsze trwanie życia,rok,Polska,45,Kobiety,1964,31.7
Przeciętne dalsze trwanie życia,rok,Polska,60,Kobiety,1964,18.7
Przeciętne dalsze trwanie życia,rok,Polska,75,Kobiety,1964,8.6
Przeciętne dalsze trwanie życia,rok,Polska,0,Mężczyźni,1964,65.8
Przeciętne dalsze trwanie życia,rok,Polska,15,Mężczyźni,1964,55.1
Przeciętne dalsze trwanie życia,rok,Polska,30,Mężczyźni,1964,41.2
Przeciętne dalsze trwanie życia,rok,Polska,45,Mężczyźni,1964,27.7
Przeciętne dalsze trwanie życia,rok,Polska,60,Mężczyźni,1964,15.7
Przeciętne dalsze trwanie życia,rok,Polska,75,Mężczyźni,1964,7.4
Przeciętne dalsze trwanie życia,rok,Polska,0,Kobiety,1965,72.4
Przeciętne dalsze trwanie życia,rok,Polska,15,Kobiety,1965,60.6
Przeciętne dalsze trwanie życia,rok,Polska,30,Kobiety,1965,46.1
Przeciętne dalsze trwanie życia,rok,Polska,45,Kobiety,1965,32.1
Przeciętne dalsze trwanie życia,rok,Polska,60,Kobiety,1965,19
Przeciętne dalsze trwanie życia,rok,Polska,75,Kobiety,1965,8.8
Przeciętne dalsze trwanie życia,rok,Polska,0,Mężczyźni,1965,66.6
Przeciętne dalsze trwanie życia,rok,Polska,15,Mężczyźni,1965,55.5
Przeciętne dalsze trwanie życia,rok,Polska,30,Mężczyźni,1965,41.5
Przeciętne dalsze trwanie życia,rok,Polska,45,Mężczyźni,1965,28.1
Przeciętne dalsze trwanie życia,rok,Polska,60,Mężczyźni,1965,16.1
Przeciętne dalsze trwanie życia,rok,Polska,75,Mężczyźni,1965,7.7
Przeciętne dalsze trwanie życia,rok,Polska,0,Kobiety,1966,72.9
Przeciętne dalsze trwanie życia,rok,Polska,15,Kobiety,1966,60.9
Przeciętne dalsze trwanie życia,rok,Polska,30,Kobiety,1966,46.4
Przeciętne dalsze trwanie życia,rok,Polska,45,Kobiety,1966,32.3
Przeciętne dalsze trwanie życia,rok,Polska,60,Kobiety,1966,19.3
Przeciętne dalsze trwanie życia,rok,Polska,75,Kobiety,1966,8.9
Przeciętne dalsze trwanie życia,rok,Polska,0,Mężczyźni,1966,66.9
Przeciętne dalsze trwanie życia,rok,Polska,15,Mężczyźni,1966,55.6
Przeciętne dalsze trwanie życia,rok,Polska,30,Mężczyźni,1966,41.6
Przeciętne dalsze trwanie życia,rok,Polska,45,Mężczyźni,1966,28.2
Przeciętne dalsze trwanie życia,rok,Polska,60,Mężczyźni,1966,16.2
Przeciętne dalsze trwanie życia,rok,Polska,75,Mężczyźni,1966,7.8
Przeciętne dalsze trwanie życia,rok,Polska,0,Kobiety,1967,72.6
Przeciętne dalsze trwanie życia,rok,Polska,15,Kobiety,1967,60.6
Przeciętne dalsze trwanie życia,rok,Polska,30,Kobiety,1967,46
Przeciętne dalsze trwanie życia,rok,Polska,45,Kobiety,1967,31.9
Przeciętne dalsze trwanie życia,rok,Polska,60,Kobiety,1967,18.9
Przeciętne dalsze trwanie życia,rok,Polska,75,Kobiety,1967,8.5
Przeciętne dalsze trwanie życia,rok,Polska,0,Mężczyźni,1967,66.4
Przeciętne dalsze trwanie życia,rok,Polska,15,Mężczyźni,1967,55.1
Przeciętne dalsze trwanie życia,rok,Polska,30,Mężczyźni,1967,41.1
Przeciętne dalsze trwanie życia,rok,Polska,45,Mężczyźni,1967,27.7
Przeciętne dalsze trwanie życia,rok,Polska,60,Mężczyźni,1967,15.8
Przeciętne dalsze trwanie życia,rok,Polska,75,Mężczyźni,1967,7.4
Przeciętne dalsze trwanie życia,rok,Polska,0,Kobiety,1968,73.6
Przeciętne dalsze trwanie życia,rok,Polska,15,Kobiety,1968,61.3
Przeciętne dalsze trwanie życia,rok,Polska,30,Kobiety,1968,46.7
Przeciętne dalsze trwanie życia,rok,Polska,45,Kobiety,1968,32.6
Przeciętne dalsze trwanie życia,rok,Polska,60,Kobiety,1968,19.6
Przeciętne dalsze trwanie życia,rok,Polska,75,Kobiety,1968,9.4
Przeciętne dalsze trwanie życia,rok,Polska,0,Mężczyźni,1968,67
Przeciętne dalsze trwanie życia,rok,Polska,15,Mężczyźni,1968,55.3
Przeciętne dalsze trwanie życia,rok,Polska,30,Mężczyźni,1968,41.4
Przeciętne dalsze trwanie życia,rok,Polska,45,Mężczyźni,1968,27.9
Przeciętne dalsze trwanie życia,rok,Polska,60,Mężczyźni,1968,16.1
Przeciętne dalsze trwanie życia,rok,Polska,75,Mężczyźni,1968,7.9
Przeciętne dalsze trwanie życia,rok,Polska,0,Kobiety,1969,73.1
Przeciętne dalsze trwanie życia,rok,Polska,15,Kobiety,1969,60.8
Przeciętne dalsze trwanie życia,rok,Polska,30,Kobiety,1969,46.3
Przeciętne dalsze trwanie życia,rok,Polska,45,Kobiety,1969,32.1
Przeciętne dalsze trwanie życia,rok,Polska,60,Kobiety,1969,19.2
Przeciętne dalsze trwanie życia,rok,Polska,75,Kobiety,1969,8.9
Przeciętne dalsze trwanie życia,rok,Polska,0,Mężczyźni,1969,66.5
Przeciętne dalsze trwanie życia,rok,Polska,15,Mężczyźni,1969,54.8
Przeciętne dalsze trwanie życia,rok,Polska,30,Mężczyźni,1969,40.8
Przeciętne dalsze trwanie życia,rok,Polska,45,Mężczyźni,1969,27.4
Przeciętne dalsze trwanie życia,rok,Polska,60,Mężczyźni,1969,15.6
Przeciętne dalsze trwanie życia,rok,Polska,75,Mężczyźni,1969,7.6
Przeciętne dalsze trwanie życia,rok,Polska,0,Kobiety,1970,73.3
Przeciętne dalsze trwanie życia,rok,Polska,15,Kobiety,1970,61
Przeciętne dalsze trwanie życia,rok,Polska,30,Kobiety,1970,46.5
Przeciętne dalsze trwanie życia,rok,Polska,45,Kobiety,1970,32.3
Przeciętne dalsze trwanie życia,rok,Polska,60,Kobiety,1970,19.2
Przeciętne dalsze trwanie życia,rok,Polska,75,Kobiety,1970,8.9
Przeciętne dalsze trwanie życia,rok,Polska,0,Mężczyźni,1970,66.6
Przeciętne dalsze trwanie życia,rok,Polska,15,Mężczyźni,1970,54.8
Przeciętne dalsze trwanie życia,rok,Polska,30,Mężczyźni,1970,40.9
Przeciętne dalsze trwanie życia,rok,Polska,45,Mężczyźni,1970,27.5
Przeciętne dalsze trwanie życia,rok,Polska,60,Mężczyźni,1970,15.7
Przeciętne dalsze trwanie życia,rok,Polska,75,Mężczyźni,1970,7.6
Przeciętne dalsze trwanie życia,rok,Polska,0,Kobiety,1971,73.3
Przeciętne dalsze trwanie życia,rok,Polska,15,Kobiety,1971,60.6
Przeciętne dalsze trwanie życia,rok,Polska,30,Kobiety,1971,46.1
Przeciętne dalsze trwanie życia,rok,Polska,45,Kobiety,1971,31.9
Przeciętne dalsze trwanie życia,rok,Polska,60,Kobiety,1971,18.9
Przeciętne dalsze trwanie życia,rok,Polska,75,Kobiety,1971,8.5
Przeciętne dalsze trwanie życia,rok,Polska,0,Mężczyźni,1971,66.1
Przeciętne dalsze trwanie życia,rok,Polska,15,Mężczyźni,1971,54
Przeciętne dalsze trwanie życia,rok,Polska,30,Mężczyźni,1971,40.1
Przeciętne dalsze trwanie życia,rok,Polska,45,Mężczyźni,1971,26.8
Przeciętne dalsze trwanie życia,rok,Polska,60,Mężczyźni,1971,15
Przeciętne dalsze trwanie życia,rok,Polska,75,Mężczyźni,1971,6.8
Przeciętne dalsze trwanie życia,rok,Polska,0,Kobiety,1972,74.2
Przeciętne dalsze trwanie życia,rok,Polska,15,Kobiety,1972,61.5
Przeciętne dalsze trwanie życia,rok,Polska,30,Kobiety,1972,46.9
Przeciętne dalsze trwanie życia,rok,Polska,45,Kobiety,1972,32.7
Przeciętne dalsze trwanie życia,rok,Polska,60,Kobiety,1972,19.6
Przeciętne dalsze trwanie życia,rok,Polska,75,Kobiety,1972,9
Przeciętne dalsze trwanie życia,rok,Polska,0,Mężczyźni,1972,67.3
Przeciętne dalsze trwanie życia,rok,Polska,15,Mężczyźni,1972,55.1
Przeciętne dalsze trwanie życia,rok,Polska,30,Mężczyźni,1972,41.2
Przeciętne dalsze trwanie życia,rok,Polska,45,Mężczyźni,1972,27.8
Przeciętne dalsze trwanie życia,rok,Polska,60,Mężczyźni,1972,16
Przeciętne dalsze trwanie życia,rok,Polska,75,Mężczyźni,1972,7.6
Przeciętne dalsze trwanie życia,rok,Polska,0,Kobiety,1973,74.3
Przeciętne dalsze trwanie życia,rok,Polska,15,Kobiety,1973,61.4
Przeciętne dalsze trwanie życia,rok,Polska,30,Kobiety,1973,46.8
Przeciętne dalsze trwanie życia,rok,Polska,45,Kobiety,1973,32.6
Przeciętne dalsze trwanie życia,rok,Polska,60,Kobiety,1973,19.5
Przeciętne dalsze trwanie życia,rok,Polska,75,Kobiety,1973,8.9
Przeciętne dalsze trwanie życia,rok,Polska,0,Mężczyźni,1973,67.2
Przeciętne dalsze trwanie życia,rok,Polska,15,Mężczyźni,1973,54.8
Przeciętne dalsze trwanie życia,rok,Polska,30,Mężczyźni,1973,40.8
Przeciętne dalsze trwanie życia,rok,Polska,45,Mężczyźni,1973,27.5
Przeciętne dalsze trwanie życia,rok,Polska,60,Mężczyźni,1973,15.8
Przeciętne dalsze trwanie życia,rok,Polska,75,Mężczyźni,1973,7.3
Przeciętne dalsze trwanie życia,rok,Polska,0,Kobiety,1974,74.6
Przeciętne dalsze trwanie życia,rok,Polska,15,Kobiety,1974,61.6
Przeciętne dalsze trwanie życia,rok,Polska,30,Kobiety,1974,47
Przeciętne dalsze trwanie życia,rok,Polska,45,Kobiety,1974,32.8
Przeciętne dalsze trwanie życia,rok,Polska,60,Kobiety,1974,19.7
Przeciętne dalsze trwanie życia,rok,Polska,75,Kobiety,1974,9
Przeciętne dalsze trwanie życia,rok,Polska,0,Mężczyźni,1974,67.8
Przeciętne dalsze trwanie życia,rok,Polska,15,Mężczyźni,1974,55.2
Przeciętne dalsze trwanie życia,rok,Polska,30,Mężczyźni,1974,41.1
Przeciętne dalsze trwanie życia,rok,Polska,45,Mężczyźni,1974,27.7
Przeciętne dalsze trwanie życia,rok,Polska,60,Mężczyźni,1974,16
Przeciętne dalsze trwanie życia,rok,Polska,75,Mężczyźni,1974,7.5
Przeciętne dalsze trwanie życia,rok,Polska,0,Kobiety,1975,74.3
Przeciętne dalsze trwanie życia,rok,Polska,15,Kobiety,1975,61.3
Przeciętne dalsze trwanie życia,rok,Polska,30,Kobiety,1975,46.7
Przeciętne dalsze trwanie życia,rok,Polska,45,Kobiety,1975,32.5
Przeciętne dalsze trwanie życia,rok,Polska,60,Kobiety,1975,19.4
Przeciętne dalsze trwanie życia,rok,Polska,75,Kobiety,1975,8.7
Przeciętne dalsze trwanie życia,rok,Polska,0,Mężczyźni,1975,67
Przeciętne dalsze trwanie życia,rok,Polska,15,Mężczyźni,1975,54.5
Przeciętne dalsze trwanie życia,rok,Polska,30,Mężczyźni,1975,40.6
Przeciętne dalsze trwanie życia,rok,Polska,45,Mężczyźni,1975,27.3
Przeciętne dalsze trwanie życia,rok,Polska,60,Mężczyźni,1975,15.7
Przeciętne dalsze trwanie życia,rok,Polska,75,Mężczyźni,1975,7.2
Przeciętne dalsze trwanie życia,rok,Polska,0,Kobiety,1976,74.6
Przeciętne dalsze trwanie życia,rok,Polska,15,Kobiety,1976,61.5
Przeciętne dalsze trwanie życia,rok,Polska,30,Kobiety,1976,46.9
Przeciętne dalsze trwanie życia,rok,Polska,45,Kobiety,1976,32.7
Przeciętne dalsze trwanie życia,rok,Polska,60,Kobiety,1976,19.6
Przeciętne dalsze trwanie życia,rok,Polska,75,Kobiety,1976,9
Przeciętne dalsze trwanie życia,rok,Polska,0,Mężczyźni,1976,66.9
Przeciętne dalsze trwanie życia,rok,Polska,15,Mężczyźni,1976,54.3
Przeciętne dalsze trwanie życia,rok,Polska,30,Mężczyźni,1976,40.3
Przeciętne dalsze trwanie życia,rok,Polska,45,Mężczyźni,1976,27.1
Przeciętne dalsze trwanie życia,rok,Polska,60,Mężczyźni,1976,15.7
Przeciętne dalsze trwanie życia,rok,Polska,75,Mężczyźni,1976,7.3
Przeciętne dalsze trwanie życia,rok,Polska,0,Kobiety,1977,74.5
Przeciętne dalsze trwanie życia,rok,Polska,15,Kobiety,1977,61.5
Przeciętne dalsze trwanie życia,rok,Polska,30,Kobiety,1977,46.9
Przeciętne dalsze trwanie życia,rok,Polska,45,Kobiety,1977,32.7
Przeciętne dalsze trwanie życia,rok,Polska,60,Kobiety,1977,19.7
Przeciętne dalsze trwanie życia,rok,Polska,75,Kobiety,1977,9
Przeciętne dalsze trwanie życia,rok,Polska,0,Mężczyźni,1977,66.5
Przeciętne dalsze trwanie życia,rok,Polska,15,Mężczyźni,1977,53.9
Przeciętne dalsze trwanie życia,rok,Polska,30,Mężczyźni,1977,40.1
Przeciętne dalsze trwanie życia,rok,Polska,45,Mężczyźni,1977,26.9
Przeciętne dalsze trwanie życia,rok,Polska,60,Mężczyźni,1977,15.6
Przeciętne dalsze trwanie życia,rok,Polska,75,Mężczyźni,1977,7.2
Przeciętne dalsze trwanie życia,rok,Polska,0,Kobiety,1978,74.5
Przeciętne dalsze trwanie życia,rok,Polska,15,Kobiety,1978,61.4
Przeciętne dalsze trwanie życia,rok,Polska,30,Kobiety,1978,46.8
Przeciętne dalsze trwanie życia,rok,Polska,45,Kobiety,1978,32.6
Przeciętne dalsze trwanie życia,rok,Polska,60,Kobiety,1978,19.6
Przeciętne dalsze trwanie życia,rok,Polska,75,Kobiety,1978,8.8
Przeciętne dalsze trwanie życia,rok,Polska,0,Mężczyźni,1978,66.4
Przeciętne dalsze trwanie życia,rok,Polska,15,Mężczyźni,1978,53.7
Przeciętne dalsze trwanie życia,rok,Polska,30,Mężczyźni,1978,39.8
Przeciętne dalsze trwanie życia,rok,Polska,45,Mężczyźni,1978,26.7
Przeciętne dalsze trwanie życia,rok,Polska,60,Mężczyźni,1978,15.5
Przeciętne dalsze trwanie życia,rok,Polska,75,Mężczyźni,1978,7.1
Przeciętne dalsze trwanie życia,rok,Polska,0,Kobiety,1979,74.9
Przeciętne dalsze trwanie życia,rok,Polska,15,Kobiety,1979,61.6
Przeciętne dalsze trwanie życia,rok,Polska,30,Kobiety,1979,47.1
Przeciętne dalsze trwanie życia,rok,Polska,45,Kobiety,1979,32.8
Przeciętne dalsze trwanie życia,rok,Polska,60,Kobiety,1979,19.8
Przeciętne dalsze trwanie życia,rok,Polska,75,Kobiety,1979,9.1
Przeciętne dalsze trwanie życia,rok,Polska,0,Mężczyźni,1979,66.8
Przeciętne dalsze trwanie życia,rok,Polska,15,Mężczyźni,1979,54
Przeciętne dalsze trwanie życia,rok,Polska,30,Mężczyźni,1979,40.1
Przeciętne dalsze trwanie życia,rok,Polska,45,Mężczyźni,1979,26.9
Przeciętne dalsze trwanie życia,rok,Polska,60,Mężczyźni,1979,15.7
Przeciętne dalsze trwanie życia,rok,Polska,75,Mężczyźni,1979,7.3
Przeciętne dalsze trwanie życia,rok,Polska,0,Kobiety,1980,74.4
Przeciętne dalsze trwanie życia,rok,Polska,15,Kobiety,1980,61.2
Przeciętne dalsze trwanie życia,rok,Polska,30,Kobiety,1980,46.5
Przeciętne dalsze trwanie życia,rok,Polska,45,Kobiety,1980,32.4
Przeciętne dalsze trwanie życia,rok,Polska,60,Kobiety,1980,19.4
Przeciętne dalsze trwanie życia,rok,Polska,75,Kobiety,1980,8.8
Przeciętne dalsze trwanie życia,rok,Polska,0,Mężczyźni,1980,66
Przeciętne dalsze trwanie życia,rok,Polska,15,Mężczyźni,1980,53.1
Przeciętne dalsze trwanie życia,rok,Polska,30,Mężczyźni,1980,39.2
Przeciętne dalsze trwanie życia,rok,Polska,45,Mężczyźni,1980,26.2
Przeciętne dalsze trwanie życia,rok,Polska,60,Mężczyźni,1980,15.2
Przeciętne dalsze trwanie życia,rok,Polska,75,Mężczyźni,1980,6.9
Przeciętne dalsze trwanie życia,rok,Polska,0,Kobiety,1981,75.2
Przeciętne dalsze trwanie życia,rok,Polska,15,Kobiety,1981,61.9
Przeciętne dalsze trwanie życia,rok,Polska,30,Kobiety,1981,47.3
Przeciętne dalsze trwanie życia,rok,Polska,45,Kobiety,1981,33.1
Przeciętne dalsze trwanie życia,rok,Polska,60,Kobiety,1981,20.1
Przeciętne dalsze trwanie życia,rok,Polska,75,Kobiety,1981,9.4
Przeciętne dalsze trwanie życia,rok,Polska,0,Mężczyźni,1981,67.1
Przeciętne dalsze trwanie życia,rok,Polska,15,Mężczyźni,1981,54.2
Przeciętne dalsze trwanie życia,rok,Polska,30,Mężczyźni,1981,40.3
Przeciętne dalsze trwanie życia,rok,Polska,45,Mężczyźni,1981,27
Przeciętne dalsze trwanie życia,rok,Polska,60,Mężczyźni,1981,15.8
Przeciętne dalsze trwanie życia,rok,Polska,75,Mężczyźni,1981,7.5
Przeciętne dalsze trwanie życia,rok,Polska,0,Kobiety,1982,75.2
Przeciętne dalsze trwanie życia,rok,Polska,15,Kobiety,1982,61.9
Przeciętne dalsze trwanie życia,rok,Polska,30,Kobiety,1982,47.3
Przeciętne dalsze trwanie życia,rok,Polska,45,Kobiety,1982,33.1
Przeciętne dalsze trwanie życia,rok,Polska,60,Kobiety,1982,20.1
Przeciętne dalsze trwanie życia,rok,Polska,75,Kobiety,1982,9.4
Przeciętne dalsze trwanie życia,rok,Polska,0,Mężczyźni,1982,67.2
Przeciętne dalsze trwanie życia,rok,Polska,15,Mężczyźni,1982,54.3
Przeciętne dalsze trwanie życia,rok,Polska,30,Mężczyźni,1982,40.3
Przeciętne dalsze trwanie życia,rok,Polska,45,Mężczyźni,1982,27.1
Przeciętne dalsze trwanie życia,rok,Polska,60,Mężczyźni,1982,15.8
Przeciętne dalsze trwanie życia,rok,Polska,75,Mężczyźni,1982,7.5
Przeciętne dalsze trwanie życia,rok,Polska,0,Kobiety,1983,75.2
Przeciętne dalsze trwanie życia,rok,Polska,15,Kobiety,1983,61.8
Przeciętne dalsze trwanie życia,rok,Polska,30,Kobiety,1983,47.2
Przeciętne dalsze trwanie życia,rok,Polska,45,Kobiety,1983,32.9
Przeciętne dalsze trwanie życia,rok,Polska,60,Kobiety,1983,19.9
Przeciętne dalsze trwanie życia,rok,Polska,75,Kobiety,1983,9.3
Przeciętne dalsze trwanie życia,rok,Polska,0,Mężczyźni,1983,67
Przeciętne dalsze trwanie życia,rok,Polska,15,Mężczyźni,1983,54
Przeciętne dalsze trwanie życia,rok,Polska,30,Mężczyźni,1983,40
Przeciętne dalsze trwanie życia,rok,Polska,45,Mężczyźni,1983,26.8
Przeciętne dalsze trwanie życia,rok,Polska,60,Mężczyźni,1983,15.7
Przeciętne dalsze trwanie życia,rok,Polska,75,Mężczyźni,1983,7.4
Przeciętne dalsze trwanie życia,rok,Polska,0,Kobiety,1984,75
Przeciętne dalsze trwanie życia,rok,Polska,15,Kobiety,1984,61.5
Przeciętne dalsze trwanie życia,rok,Polska,30,Kobiety,1984,46.9
Przeciętne dalsze trwanie życia,rok,Polska,45,Kobiety,1984,32.7
Przeciętne dalsze trwanie życia,rok,Polska,60,Kobiety,1984,19.7
Przeciętne dalsze trwanie życia,rok,Polska,75,Kobiety,1984,9.1
Przeciętne dalsze trwanie życia,rok,Polska,0,Mężczyźni,1984,66.8
Przeciętne dalsze trwanie życia,rok,Polska,15,Mężczyźni,1984,53.7
Przeciętne dalsze trwanie życia,rok,Polska,30,Mężczyźni,1984,39.7
Przeciętne dalsze trwanie życia,rok,Polska,45,Mężczyźni,1984,26.5
Przeciętne dalsze trwanie życia,rok,Polska,60,Mężczyźni,1984,15.5
Przeciętne dalsze trwanie życia,rok,Polska,75,Mężczyźni,1984,7.3
Przeciętne dalsze trwanie życia,rok,Polska,0,Kobiety,1985,74.8
Przeciętne dalsze trwanie życia,rok,Polska,15,Kobiety,1985,61.3
Przeciętne dalsze trwanie życia,rok,Polska,30,Kobiety,1985,46.7
Przeciętne dalsze trwanie życia,rok,Polska,45,Kobiety,1985,32.5
Przeciętne dalsze trwanie życia,rok,Polska,60,Kobiety,1985,19.5
Przeciętne dalsze trwanie życia,rok,Polska,75,Kobiety,1985,9
Przeciętne dalsze trwanie życia,rok,Polska,0,Mężczyźni,1985,66.5
Przeciętne dalsze trwanie życia,rok,Polska,15,Mężczyźni,1985,53.3
Przeciętne dalsze trwanie życia,rok,Polska,30,Mężczyźni,1985,39.2
Przeciętne dalsze trwanie życia,rok,Polska,45,Mężczyźni,1985,26
Przeciętne dalsze trwanie życia,rok,Polska,60,Mężczyźni,1985,15.1
Przeciętne dalsze trwanie życia,rok,Polska,75,Mężczyźni,1985,7
Przeciętne dalsze trwanie życia,rok,Polska,0,Kobiety,1986,75.1
Przeciętne dalsze trwanie życia,rok,Polska,15,Kobiety,1986,61.5
Przeciętne dalsze trwanie życia,rok,Polska,30,Kobiety,1986,46.9
Przeciętne dalsze trwanie życia,rok,Polska,45,Kobiety,1986,32.7
Przeciętne dalsze trwanie życia,rok,Polska,60,Kobiety,1986,19.7
Przeciętne dalsze trwanie życia,rok,Polska,75,Kobiety,1986,9.2
Przeciętne dalsze trwanie życia,rok,Polska,0,Mężczyźni,1986,66.8
Przeciętne dalsze trwanie życia,rok,Polska,15,Mężczyźni,1986,53.4
Przeciętne dalsze trwanie życia,rok,Polska,30,Mężczyźni,1986,39.4
Przeciętne dalsze trwanie życia,rok,Polska,45,Mężczyźni,1986,26.1
Przeciętne dalsze trwanie życia,rok,Polska,60,Mężczyźni,1986,15.3
Przeciętne dalsze trwanie życia,rok,Polska,75,Mężczyźni,1986,7.3
Przeciętne dalsze trwanie życia,rok,Polska,0,Kobiety,1987,75.2
Przeciętne dalsze trwanie życia,rok,Polska,15,Kobiety,1987,61.6
Przeciętne dalsze trwanie życia,rok,Polska,30,Kobiety,1987,46.9
Przeciętne dalsze trwanie życia,rok,Polska,45,Kobiety,1987,32.7
Przeciętne dalsze trwanie życia,rok,Polska,60,Kobiety,1987,19.8
Przeciętne dalsze trwanie życia,rok,Polska,75,Kobiety,1987,9.3
Przeciętne dalsze trwanie życia,rok,Polska,0,Mężczyźni,1987,66.8
Przeciętne dalsze trwanie życia,rok,Polska,15,Mężczyźni,1987,53.5
Przeciętne dalsze trwanie życia,rok,Polska,30,Mężczyźni,1987,39.4
Przeciętne dalsze trwanie życia,rok,Polska,45,Mężczyźni,1987,26.1
Przeciętne dalsze trwanie życia,rok,Polska,60,Mężczyźni,1987,15.3
Przeciętne dalsze trwanie życia,rok,Polska,75,Mężczyźni,1987,7.3
Przeciętne dalsze trwanie życia,rok,Polska,0,Kobiety,1988,75.7
Przeciętne dalsze trwanie życia,rok,Polska,15,Kobiety,1988,61.9
Przeciętne dalsze trwanie życia,rok,Polska,30,Kobiety,1988,47.2
Przeciętne dalsze trwanie życia,rok,Polska,45,Kobiety,1988,33
Przeciętne dalsze trwanie życia,rok,Polska,60,Kobiety,1988,20.1
Przeciętne dalsze trwanie życia,rok,Polska,75,Kobiety,1988,9.5
Przeciętne dalsze trwanie życia,rok,Polska,0,Mężczyźni,1988,67.2
Przeciętne dalsze trwanie życia,rok,Polska,15,Mężczyźni,1988,53.7
Przeciętne dalsze trwanie życia,rok,Polska,30,Mężczyźni,1988,39.6
Przeciętne dalsze trwanie życia,rok,Polska,45,Mężczyźni,1988,26.4
Przeciętne dalsze trwanie życia,rok,Polska,60,Mężczyźni,1988,15.5
Przeciętne dalsze trwanie życia,rok,Polska,75,Mężczyźni,1988,7.5
Przeciętne dalsze trwanie życia,rok,Polska,0,Kobiety,1989,75.5
Przeciętne dalsze trwanie życia,rok,Polska,15,Kobiety,1989,61.8
Przeciętne dalsze trwanie życia,rok,Polska,30,Kobiety,1989,47.1
Przeciętne dalsze trwanie życia,rok,Polska,45,Kobiety,1989,32.9
Przeciętne dalsze trwanie życia,rok,Polska,60,Kobiety,1989,19.9
Przeciętne dalsze trwanie życia,rok,Polska,75,Kobiety,1989,9.5
Przeciętne dalsze trwanie życia,rok,Polska,0,Mężczyźni,1989,66.8
Przeciętne dalsze trwanie życia,rok,Polska,15,Mężczyźni,1989,53.3
Przeciętne dalsze trwanie życia,rok,Polska,30,Mężczyźni,1989,39.3
Przeciętne dalsze trwanie życia,rok,Polska,45,Mężczyźni,1989,26.2
Przeciętne dalsze trwanie życia,rok,Polska,60,Mężczyźni,1989,15.4
Przeciętne dalsze trwanie życia,rok,Polska,75,Mężczyźni,1989,7.6
Przeciętne dalsze trwanie życia,rok,Polska,0,Kobiety,1990,75.2
Przeciętne dalsze trwanie życia,rok,Polska,15,Kobiety,1990,61.8
Przeciętne dalsze trwanie życia,rok,Polska,30,Kobiety,1990,47.2
Przeciętne dalsze trwanie życia,rok,Polska,45,Kobiety,1990,33
Przeciętne dalsze trwanie życia,rok,Polska,60,Kobiety,1990,20
Przeciętne dalsze trwanie życia,rok,Polska,75,Kobiety,1990,9.5
Przeciętne dalsze trwanie życia,rok,Polska,0,Mężczyźni,1990,66.2
Przeciętne dalsze trwanie życia,rok,Polska,15,Mężczyźni,1990,53.1
Przeciętne dalsze trwanie życia,rok,Polska,30,Mężczyźni,1990,39.1
Przeciętne dalsze trwanie życia,rok,Polska,45,Mężczyźni,1990,26.1
Przeciętne dalsze trwanie życia,rok,Polska,60,Mężczyźni,1990,15.3
Przeciętne dalsze trwanie życia,rok,Polska,75,Mężczyźni,1990,7.5
Przeciętne dalsze trwanie życia,rok,Polska,0,Kobiety,1991,75.1
Przeciętne dalsze trwanie życia,rok,Polska,15,Kobiety,1991,61.6
Przeciętne dalsze trwanie życia,rok,Polska,30,Kobiety,1991,46.9
Przeciętne dalsze trwanie życia,rok,Polska,45,Kobiety,1991,32.7
Przeciętne dalsze trwanie życia,rok,Polska,60,Kobiety,1991,19.8
Przeciętne dalsze trwanie życia,rok,Polska,75,Kobiety,1991,9.3
Przeciętne dalsze trwanie życia,rok,Polska,0,Mężczyźni,1991,65.9
Przeciętne dalsze trwanie życia,rok,Polska,15,Mężczyźni,1991,52.6
Przeciętne dalsze trwanie życia,rok,Polska,30,Mężczyźni,1991,38.6
Przeciętne dalsze trwanie życia,rok,Polska,45,Mężczyźni,1991,25.7
Przeciętne dalsze trwanie życia,rok,Polska,60,Mężczyźni,1991,15.1
Przeciętne dalsze trwanie życia,rok,Polska,75,Mężczyźni,1991,7.4
Przeciętne dalsze trwanie życia,rok,Polska,0,Kobiety,1992,75.5
Przeciętne dalsze trwanie życia,rok,Polska,15,Kobiety,1992,61.9
Przeciętne dalsze trwanie życia,rok,Polska,30,Kobiety,1992,47.3
Przeciętne dalsze trwanie życia,rok,Polska,45,Kobiety,1992,33.1
Przeciętne dalsze trwanie życia,rok,Polska,60,Kobiety,1992,20.1
Przeciętne dalsze trwanie życia,rok,Polska,75,Kobiety,1992,9.5
Przeciętne dalsze trwanie życia,rok,Polska,0,Mężczyźni,1992,66.5
Przeciętne dalsze trwanie życia,rok,Polska,15,Mężczyźni,1992,53.1
Przeciętne dalsze trwanie życia,rok,Polska,30,Mężczyźni,1992,39.1
Przeciętne dalsze trwanie życia,rok,Polska,45,Mężczyźni,1992,26.1
Przeciętne dalsze trwanie życia,rok,Polska,60,Mężczyźni,1992,15.4
Przeciętne dalsze trwanie życia,rok,Polska,75,Mężczyźni,1992,7.7
Przeciętne dalsze trwanie życia,rok,Polska,0,Kobiety,1993,75.8
Przeciętne dalsze trwanie życia,rok,Polska,15,Kobiety,1993,62.2
Przeciętne dalsze trwanie życia,rok,Polska,30,Kobiety,1993,47.5
Przeciętne dalsze trwanie życia,rok,Polska,45,Kobiety,1993,33.2
Przeciętne dalsze trwanie życia,rok,Polska,60,Kobiety,1993,20.1
Przeciętne dalsze trwanie życia,rok,Polska,75,Kobiety,1993,9.4
Przeciętne dalsze trwanie życia,rok,Polska,0,Mężczyźni,1993,67.2
Przeciętne dalsze trwanie życia,rok,Polska,15,Mężczyźni,1993,53.7
Przeciętne dalsze trwanie życia,rok,Polska,30,Mężczyźni,1993,39.6
Przeciętne dalsze trwanie życia,rok,Polska,45,Mężczyźni,1993,26.4
Przeciętne dalsze trwanie życia,rok,Polska,60,Mężczyźni,1993,15.5
Przeciętne dalsze trwanie życia,rok,Polska,75,Mężczyźni,1993,7.7
Przeciętne dalsze trwanie życia,rok,Polska,0,Kobiety,1994,76.1
Przeciętne dalsze trwanie życia,rok,Polska,15,Kobiety,1994,62.4
Przeciętne dalsze trwanie życia,rok,Polska,30,Kobiety,1994,47.7
Przeciętne dalsze trwanie życia,rok,Polska,45,Kobiety,1994,33.5
Przeciętne dalsze trwanie życia,rok,Polska,60,Kobiety,1994,20.4
Przeciętne dalsze trwanie życia,rok,Polska,75,Kobiety,1994,9.6
Przeciętne dalsze trwanie życia,rok,Polska,0,Mężczyźni,1994,67.5
Przeciętne dalsze trwanie życia,rok,Polska,15,Mężczyźni,1994,53.9
Przeciętne dalsze trwanie życia,rok,Polska,30,Mężczyźni,1994,39.9
Przeciętne dalsze trwanie życia,rok,Polska,45,Mężczyźni,1994,26.7
Przeciętne dalsze trwanie życia,rok,Polska,60,Mężczyźni,1994,15.8
Przeciętne dalsze trwanie życia,rok,Polska,75,Mężczyźni,1994,7.8
Przeciętne dalsze trwanie życia,rok,Polska,0,Kobiety,1995,76.4
Przeciętne dalsze trwanie życia,rok,Polska,15,Kobiety,1995,62.6
Przeciętne dalsze trwanie życia,rok,Polska,30,Kobiety,1995,47.9
Przeciętne dalsze trwanie życia,rok,Polska,45,Kobiety,1995,33.6
Przeciętne dalsze trwanie życia,rok,Polska,60,Kobiety,1995,20.5
Przeciętne dalsze trwanie życia,rok,Polska,75,Kobiety,1995,9.7
Przeciętne dalsze trwanie życia,rok,Polska,0,Mężczyźni,1995,67.6
Przeciętne dalsze trwanie życia,rok,Polska,15,Mężczyźni,1995,53.9
Przeciętne dalsze trwanie życia,rok,Polska,30,Mężczyźni,1995,39.8
Przeciętne dalsze trwanie życia,rok,Polska,45,Mężczyźni,1995,26.7
Przeciętne dalsze trwanie życia,rok,Polska,60,Mężczyźni,1995,15.8
Przeciętne dalsze trwanie życia,rok,Polska,75,Mężczyźni,1995,7.9
Przeciętne dalsze trwanie życia,rok,Polska,0,Kobiety,1996,76.6
Przeciętne dalsze trwanie życia,rok,Polska,15,Kobiety,1996,62.7
Przeciętne dalsze trwanie życia,rok,Polska,30,Kobiety,1996,48
Przeciętne dalsze trwanie życia,rok,Polska,45,Kobiety,1996,33.7
Przeciętne dalsze trwanie życia,rok,Polska,60,Kobiety,1996,20.5
Przeciętne dalsze trwanie życia,rok,Polska,75,Kobiety,1996,9.7
Przeciętne dalsze trwanie życia,rok,Polska,0,Mężczyźni,1996,68.1
Przeciętne dalsze trwanie życia,rok,Polska,15,Mężczyźni,1996,54.3
Przeciętne dalsze trwanie życia,rok,Polska,30,Mężczyźni,1996,40.2
Przeciętne dalsze trwanie życia,rok,Polska,45,Mężczyźni,1996,26.9
Przeciętne dalsze trwanie życia,rok,Polska,60,Mężczyźni,1996,15.9
Przeciętne dalsze trwanie życia,rok,Polska,75,Mężczyźni,1996,7.9
Przeciętne dalsze trwanie życia,rok,Polska,0,Kobiety,1997,77
Przeciętne dalsze trwanie życia,rok,Polska,15,Kobiety,1997,62.9
Przeciętne dalsze trwanie życia,rok,Polska,30,Kobiety,1997,48.2
Przeciętne dalsze trwanie życia,rok,Polska,45,Kobiety,1997,33.9
Przeciętne dalsze trwanie życia,rok,Polska,60,Kobiety,1997,20.8
Przeciętne dalsze trwanie życia,rok,Polska,75,Kobiety,1997,9.9
Przeciętne dalsze trwanie życia,rok,Polska,0,Mężczyźni,1997,68.5
Przeciętne dalsze trwanie życia,rok,Polska,15,Mężczyźni,1997,54.5
Przeciętne dalsze trwanie życia,rok,Polska,30,Mężczyźni,1997,40.4
Przeciętne dalsze trwanie życia,rok,Polska,45,Mężczyźni,1997,27.1
Przeciętne dalsze trwanie życia,rok,Polska,60,Mężczyźni,1997,16.1
Przeciętne dalsze trwanie życia,rok,Polska,75,Mężczyźni,1997,8.2
Przeciętne dalsze trwanie życia,rok,Polska,0,Kobiety,1998,77.3
Przeciętne dalsze trwanie życia,rok,Polska,15,Kobiety,1998,63.2
Przeciętne dalsze trwanie życia,rok,Polska,30,Kobiety,1998,48.5
Przeciętne dalsze trwanie życia,rok,Polska,45,Kobiety,1998,34.2
Przeciętne dalsze trwanie życia,rok,Polska,60,Kobiety,1998,21
Przeciętne dalsze trwanie życia,rok,Polska,75,Kobiety,1998,10
Przeciętne dalsze trwanie życia,rok,Polska,0,Mężczyźni,1998,68.9
Przeciętne dalsze trwanie życia,rok,Polska,15,Mężczyźni,1998,54.8
Przeciętne dalsze trwanie życia,rok,Polska,30,Mężczyźni,1998,40.7
Przeciętne dalsze trwanie życia,rok,Polska,45,Mężczyźni,1998,27.4
Przeciętne dalsze trwanie życia,rok,Polska,60,Mężczyźni,1998,16.4
Przeciętne dalsze trwanie życia,rok,Polska,75,Mężczyźni,1998,8.4
Przeciętne dalsze trwanie życia,rok,Polska,0,Kobiety,1999,77.5
Przeciętne dalsze trwanie życia,rok,Polska,15,Kobiety,1999,63.3
Przeciętne dalsze trwanie życia,rok,Polska,30,Kobiety,1999,48.6
Przeciętne dalsze trwanie życia,rok,Polska,45,Kobiety,1999,34.3
Przeciętne dalsze trwanie życia,rok,Polska,60,Kobiety,1999,21.1
Przeciętne dalsze trwanie życia,rok,Polska,75,Kobiety,1999,10.1
Przeciętne dalsze trwanie życia,rok,Polska,0,Mężczyźni,1999,68.8
Przeciętne dalsze trwanie życia,rok,Polska,15,Mężczyźni,1999,54.8
Przeciętne dalsze trwanie życia,rok,Polska,30,Mężczyźni,1999,40.6
Przeciętne dalsze trwanie życia,rok,Polska,45,Mężczyźni,1999,27.3
Przeciętne dalsze trwanie życia,rok,Polska,60,Mężczyźni,1999,16.3
Przeciętne dalsze trwanie życia,rok,Polska,75,Mężczyźni,1999,8.3
Przeciętne dalsze trwanie życia,rok,Polska,0,Kobiety,2000,78
Przeciętne dalsze trwanie życia,rok,Polska,15,Kobiety,2000,63.8
Przeciętne dalsze trwanie życia,rok,Polska,30,Kobiety,2000,49
Przeciętne dalsze trwanie życia,rok,Polska,45,Kobiety,2000,34.7
Przeciętne dalsze trwanie życia,rok,Polska,60,Kobiety,2000,21.5
Przeciętne dalsze trwanie życia,rok,Polska,75,Kobiety,2000,10.4
Przeciętne dalsze trwanie życia,rok,Polska,0,Mężczyźni,2000,69.7
Przeciętne dalsze trwanie życia,rok,Polska,15,Mężczyźni,2000,55.6
Przeciętne dalsze trwanie życia,rok,Polska,30,Mężczyźni,2000,41.4
Przeciętne dalsze trwanie życia,rok,Polska,45,Mężczyźni,2000,27.9
Przeciętne dalsze trwanie życia,rok,Polska,60,Mężczyźni,2000,16.7
Przeciętne dalsze trwanie życia,rok,Polska,75,Mężczyźni,2000,8.6
Przeciętne dalsze trwanie życia,rok,Polska,0,Kobiety,2001,78.4
Przeciętne dalsze trwanie życia,rok,Polska,15,Kobiety,2001,64.1
Przeciętne dalsze trwanie życia,rok,Polska,30,Kobiety,2001,49.4
Przeciętne dalsze trwanie życia,rok,Polska,45,Kobiety,2001,35
Przeciętne dalsze trwanie życia,rok,Polska,60,Kobiety,2001,21.8
Przeciętne dalsze trwanie życia,rok,Polska,75,Kobiety,2001,10.6
Przeciętne dalsze trwanie życia,rok,Polska,0,Mężczyźni,2001,70.2
Przeciętne dalsze trwanie życia,rok,Polska,15,Mężczyźni,2001,56
Przeciętne dalsze trwanie życia,rok,Polska,30,Mężczyźni,2001,41.8
Przeciętne dalsze trwanie życia,rok,Polska,45,Mężczyźni,2001,28.3
Przeciętne dalsze trwanie życia,rok,Polska,60,Mężczyźni,2001,17
Przeciętne dalsze trwanie życia,rok,Polska,75,Mężczyźni,2001,8.8
Przeciętne dalsze trwanie życia,rok,Polska,0,Kobiety,2002,78.8
Przeciętne dalsze trwanie życia,rok,Polska,15,Kobiety,2002,64.5
Przeciętne dalsze trwanie życia,rok,Polska,30,Kobiety,2002,49.8
Przeciętne dalsze trwanie życia,rok,Polska,45,Kobiety,2002,35.4
Przeciętne dalsze trwanie życia,rok,Polska,60,Kobiety,2002,22.2
Przeciętne dalsze trwanie życia,rok,Polska,75,Kobiety,2002,10.8
Przeciętne dalsze trwanie życia,rok,Polska,0,Mężczyźni,2002,70.4
Przeciętne dalsze trwanie życia,rok,Polska,15,Mężczyźni,2002,56.2
Przeciętne dalsze trwanie życia,rok,Polska,30,Mężczyźni,2002,42
Przeciętne dalsze trwanie życia,rok,Polska,45,Mężczyźni,2002,28.5
Przeciętne dalsze trwanie życia,rok,Polska,60,Mężczyźni,2002,17.2
Przeciętne dalsze trwanie życia,rok,Polska,75,Mężczyźni,2002,8.8
Przeciętne dalsze trwanie życia,rok,Polska,0,Kobiety,2003,78.9
Przeciętne dalsze trwanie życia,rok,Polska,15,Kobiety,2003,64.6
Przeciętne dalsze trwanie życia,rok,Polska,30,Kobiety,2003,49.8
Przeciętne dalsze trwanie życia,rok,Polska,45,Kobiety,2003,35.4
Przeciętne dalsze trwanie życia,rok,Polska,60,Kobiety,2003,22.2
Przeciętne dalsze trwanie życia,rok,Polska,75,Kobiety,2003,10.8
Przeciętne dalsze trwanie życia,rok,Polska,0,Mężczyźni,2003,70.5
Przeciętne dalsze trwanie życia,rok,Polska,15,Mężczyźni,2003,56.3
Przeciętne dalsze trwanie życia,rok,Polska,30,Mężczyźni,2003,42
Przeciętne dalsze trwanie życia,rok,Polska,45,Mężczyźni,2003,28.5
Przeciętne dalsze trwanie życia,rok,Polska,60,Mężczyźni,2003,17.1
Przeciętne dalsze trwanie życia,rok,Polska,75,Mężczyźni,2003,8.7
Przeciętne dalsze trwanie życia,rok,Polska,0,Kobiety,2004,79.2
Przeciętne dalsze trwanie życia,rok,Polska,15,Kobiety,2004,64.9
Przeciętne dalsze trwanie życia,rok,Polska,30,Kobiety,2004,50.1
Przeciętne dalsze trwanie życia,rok,Polska,45,Kobiety,2004,35.7
Przeciętne dalsze trwanie życia,rok,Polska,60,Kobiety,2004,22.5
Przeciętne dalsze trwanie życia,rok,Polska,75,Kobiety,2004,11
Przeciętne dalsze trwanie życia,rok,Polska,0,Mężczyźni,2004,70.7
Przeciętne dalsze trwanie życia,rok,Polska,15,Mężczyźni,2004,56.4
Przeciętne dalsze trwanie życia,rok,Polska,30,Mężczyźni,2004,42.1
Przeciętne dalsze trwanie życia,rok,Polska,45,Mężczyźni,2004,28.6
Przeciętne dalsze trwanie życia,rok,Polska,60,Mężczyźni,2004,17.4
Przeciętne dalsze trwanie życia,rok,Polska,75,Mężczyźni,2004,8.9
Przeciętne dalsze trwanie życia,rok,Polska,0,Kobiety,2005,79.4
Przeciętne dalsze trwanie życia,rok,Polska,15,Kobiety,2005,65
Przeciętne dalsze trwanie życia,rok,Polska,30,Kobiety,2005,50.3
Przeciętne dalsze trwanie życia,rok,Polska,45,Kobiety,2005,35.8
Przeciętne dalsze trwanie życia,rok,Polska,60,Kobiety,2005,22.7
Przeciętne dalsze trwanie życia,rok,Polska,75,Kobiety,2005,11.2
Przeciętne dalsze trwanie życia,rok,Polska,0,Mężczyźni,2005,70.8
Przeciętne dalsze trwanie życia,rok,Polska,15,Mężczyźni,2005,56.5
Przeciętne dalsze trwanie życia,rok,Polska,30,Mężczyźni,2005,42.2
Przeciętne dalsze trwanie życia,rok,Polska,45,Mężczyźni,2005,28.7
Przeciętne dalsze trwanie życia,rok,Polska,60,Mężczyźni,2005,17.5
Przeciętne dalsze trwanie życia,rok,Polska,75,Mężczyźni,2005,9
Przeciętne dalsze trwanie życia,rok,Polska,0,Kobiety,2006,79.6
Przeciętne dalsze trwanie życia,rok,Polska,15,Kobiety,2006,65.2
Przeciętne dalsze trwanie życia,rok,Polska,30,Kobiety,2006,50.5
Przeciętne dalsze trwanie życia,rok,Polska,45,Kobiety,2006,36
Przeciętne dalsze trwanie życia,rok,Polska,60,Kobiety,2006,22.8
Przeciętne dalsze trwanie życia,rok,Polska,75,Kobiety,2006,11.3
Przeciętne dalsze trwanie życia,rok,Polska,0,Mężczyźni,2006,70.9
Przeciętne dalsze trwanie życia,rok,Polska,15,Mężczyźni,2006,56.6
Przeciętne dalsze trwanie życia,rok,Polska,30,Mężczyźni,2006,42.3
Przeciętne dalsze trwanie życia,rok,Polska,45,Mężczyźni,2006,28.8
Przeciętne dalsze trwanie życia,rok,Polska,60,Mężczyźni,2006,17.7
Przeciętne dalsze trwanie życia,rok,Polska,75,Mężczyźni,2006,9.1
Przeciętne dalsze trwanie życia,rok,Polska,0,Kobiety,2007,79.7
Przeciętne dalsze trwanie życia,rok,Polska,15,Kobiety,2007,65.3
Przeciętne dalsze trwanie życia,rok,Polska,30,Kobiety,2007,50.6
Przeciętne dalsze trwanie życia,rok,Polska,45,Kobiety,2007,36.1
Przeciętne dalsze trwanie życia,rok,Polska,60,Kobiety,2007,22.9
Przeciętne dalsze trwanie życia,rok,Polska,75,Kobiety,2007,11.4
Przeciętne dalsze trwanie życia,rok,Polska,0,Mężczyźni,2007,71
Przeciętne dalsze trwanie życia,rok,Polska,15,Mężczyźni,2007,56.6
Przeciętne dalsze trwanie życia,rok,Polska,30,Mężczyźni,2007,42.4
Przeciętne dalsze trwanie życia,rok,Polska,45,Mężczyźni,2007,28.8
Przeciętne dalsze trwanie życia,rok,Polska,60,Mężczyźni,2007,17.7
Przeciętne dalsze trwanie życia,rok,Polska,75,Mężczyźni,2007,9.1
Przeciętne dalsze trwanie życia,rok,Polska,0,Kobiety,2008,80
Przeciętne dalsze trwanie życia,rok,Polska,15,Kobiety,2008,65.5
Przeciętne dalsze trwanie życia,rok,Polska,30,Kobiety,2008,50.8
Przeciętne dalsze trwanie życia,rok,Polska,45,Kobiety,2008,36.3
Przeciętne dalsze trwanie życia,rok,Polska,60,Kobiety,2008,23.1
Przeciętne dalsze trwanie życia,rok,Polska,75,Kobiety,2008,11.5
Przeciętne dalsze trwanie życia,rok,Polska,0,Mężczyźni,2008,71.3
Przeciętne dalsze trwanie życia,rok,Polska,15,Mężczyźni,2008,56.9
Przeciętne dalsze trwanie życia,rok,Polska,30,Mężczyźni,2008,42.6
Przeciętne dalsze trwanie życia,rok,Polska,45,Mężczyźni,2008,29.1
Przeciętne dalsze trwanie życia,rok,Polska,60,Mężczyźni,2008,17.9
Przeciętne dalsze trwanie życia,rok,Polska,75,Mężczyźni,2008,9.2
Przeciętne dalsze trwanie życia,rok,Polska,0,Kobiety,2009,80.1
Przeciętne dalsze trwanie życia,rok,Polska,15,Kobiety,2009,65.6
Przeciętne dalsze trwanie życia,rok,Polska,30,Kobiety,2009,50.9
Przeciętne dalsze trwanie życia,rok,Polska,45,Kobiety,2009,36.4
Przeciętne dalsze trwanie życia,rok,Polska,60,Kobiety,2009,23.2
Przeciętne dalsze trwanie życia,rok,Polska,75,Kobiety,2009,11.6
Przeciętne dalsze trwanie życia,rok,Polska,0,Mężczyźni,2009,71.5
Przeciętne dalsze trwanie życia,rok,Polska,15,Mężczyźni,2009,57.1
Przeciętne dalsze trwanie życia,rok,Polska,30,Mężczyźni,2009,42.9
Przeciętne dalsze trwanie życia,rok,Polska,45,Mężczyźni,2009,29.3
Przeciętne dalsze trwanie życia,rok,Polska,60,Mężczyźni,2009,17.9
Przeciętne dalsze trwanie życia,rok,Polska,75,Mężczyźni,2009,9.2
Przeciętne dalsze trwanie życia,rok,Polska,0,Kobiety,2010,80.6
Przeciętne dalsze trwanie życia,rok,Polska,15,Kobiety,2010,66.1
Przeciętne dalsze trwanie życia,rok,Polska,30,Kobiety,2010,51.3
Przeciętne dalsze trwanie życia,rok,Polska,45,Kobiety,2010,36.8
Przeciętne dalsze trwanie życia,rok,Polska,60,Kobiety,2010,23.5
Przeciętne dalsze trwanie życia,rok,Polska,75,Kobiety,2010,11.9
Przeciętne dalsze trwanie życia,rok,Polska,0,Mężczyźni,2010,72.1
Przeciętne dalsze trwanie życia,rok,Polska,15,Mężczyźni,2010,57.6
Przeciętne dalsze trwanie życia,rok,Polska,30,Mężczyźni,2010,43.3
Przeciętne dalsze trwanie życia,rok,Polska,45,Mężczyźni,2010,29.7
Przeciętne dalsze trwanie życia,rok,Polska,60,Mężczyźni,2010,18.3
Przeciętne dalsze trwanie życia,rok,Polska,75,Mężczyźni,2010,9.5
Przeciętne dalsze trwanie życia,rok,Polska,0,Kobiety,2011,80.9
Przeciętne dalsze trwanie życia,rok,Polska,15,Kobiety,2011,66.4
Przeciętne dalsze trwanie życia,rok,Polska,30,Kobiety,2011,51.6
Przeciętne dalsze trwanie życia,rok,Polska,45,Kobiety,2011,37.1
Przeciętne dalsze trwanie życia,rok,Polska,60,Kobiety,2011,23.8
Przeciętne dalsze trwanie życia,rok,Polska,75,Kobiety,2011,12.1
Przeciętne dalsze trwanie życia,rok,Polska,0,Mężczyźni,2011,72.4
Przeciętne dalsze trwanie życia,rok,Polska,15,Mężczyźni,2011,58
Przeciętne dalsze trwanie życia,rok,Polska,30,Mężczyźni,2011,43.7
Przeciętne dalsze trwanie życia,rok,Polska,45,Mężczyźni,2011,30
Przeciętne dalsze trwanie życia,rok,Polska,60,Mężczyźni,2011,18.5
Przeciętne dalsze trwanie życia,rok,Polska,75,Mężczyźni,2011,9.7
Przeciętne dalsze trwanie życia,rok,Polska,0,Kobiety,2012,81
Przeciętne dalsze trwanie życia,rok,Polska,15,Kobiety,2012,66.5
Przeciętne dalsze trwanie życia,rok,Polska,30,Kobiety,2012,51.7
Przeciętne dalsze trwanie życia,rok,Polska,45,Kobiety,2012,37.1
Przeciętne dalsze trwanie życia,rok,Polska,60,Kobiety,2012,23.8
Przeciętne dalsze trwanie życia,rok,Polska,75,Kobiety,2012,12.2
Przeciętne dalsze trwanie życia,rok,Polska,0,Mężczyźni,2012,72.7
Przeciętne dalsze trwanie życia,rok,Polska,15,Mężczyźni,2012,58.2
Przeciętne dalsze trwanie życia,rok,Polska,30,Mężczyźni,2012,43.9
Przeciętne dalsze trwanie życia,rok,Polska,45,Mężczyźni,2012,30.2
Przeciętne dalsze trwanie życia,rok,Polska,60,Mężczyźni,2012,18.6
Przeciętne dalsze trwanie życia,rok,Polska,75,Mężczyźni,2012,9.7
Przeciętne dalsze trwanie życia,rok,Polska,0,Kobiety,2013,81.1
Przeciętne dalsze trwanie życia,rok,Polska,15,Kobiety,2013,66.6
Przeciętne dalsze trwanie życia,rok,Polska,30,Kobiety,2013,51.8
Przeciętne dalsze trwanie życia,rok,Polska,45,Kobiety,2013,37.3
Przeciętne dalsze trwanie życia,rok,Polska,60,Kobiety,2013,23.9
Przeciętne dalsze trwanie życia,rok,Polska,75,Kobiety,2013,12.3
Przeciętne dalsze trwanie życia,rok,Polska,0,Mężczyźni,2013,73.1
Przeciętne dalsze trwanie życia,rok,Polska,15,Mężczyźni,2013,58.6
Przeciętne dalsze trwanie życia,rok,Polska,30,Mężczyźni,2013,44.3
Przeciętne dalsze trwanie życia,rok,Polska,45,Mężczyźni,2013,30.5
Przeciętne dalsze trwanie życia,rok,Polska,60,Mężczyźni,2013,18.7
Przeciętne dalsze trwanie życia,rok,Polska,75,Mężczyźni,2013,9.8
Przeciętne dalsze trwanie życia,rok,Polska,0,Kobiety,2014,81.6
Przeciętne dalsze trwanie życia,rok,Polska,15,Kobiety,2014,67.1
Przeciętne dalsze trwanie życia,rok,Polska,30,Kobiety,2014,52.3
Przeciętne dalsze trwanie życia,rok,Polska,45,Kobiety,2014,37.7
Przeciętne dalsze trwanie życia,rok,Polska,60,Kobiety,2014,24.3
Przeciętne dalsze trwanie życia,rok,Polska,75,Kobiety,2014,12.6
Przeciętne dalsze trwanie życia,rok,Polska,0,Mężczyźni,2014,73.8
Przeciętne dalsze trwanie życia,rok,Polska,15,Mężczyźni,2014,59.2
Przeciętne dalsze trwanie życia,rok,Polska,30,Mężczyźni,2014,44.9
Przeciętne dalsze trwanie życia,rok,Polska,45,Mężczyźni,2014,31
Przeciętne dalsze trwanie życia,rok,Polska,60,Mężczyźni,2014,19.2
Przeciętne dalsze trwanie życia,rok,Polska,75,Mężczyźni,2014,10.1
Przeciętne dalsze trwanie życia,rok,Polska,0,Kobiety,2015,81.6
Przeciętne dalsze trwanie życia,rok,Polska,15,Kobiety,2015,67
Przeciętne dalsze trwanie życia,rok,Polska,30,Kobiety,2015,52.2
Przeciętne dalsze trwanie życia,rok,Polska,45,Kobiety,2015,37.6
Przeciętne dalsze trwanie życia,rok,Polska,60,Kobiety,2015,24.1
Przeciętne dalsze trwanie życia,rok,Polska,75,Kobiety,2015,12.5
Przeciętne dalsze trwanie życia,rok,Polska,0,Mężczyźni,2015,73.6
Przeciętne dalsze trwanie życia,rok,Polska,15,Mężczyźni,2015,59
Przeciętne dalsze trwanie życia,rok,Polska,30,Mężczyźni,2015,44.7
Przeciętne dalsze trwanie życia,rok,Polska,45,Mężczyźni,2015,30.8
Przeciętne dalsze trwanie życia,rok,Polska,60,Mężczyźni,2015,19
Przeciętne dalsze trwanie życia,rok,Polska,75,Mężczyźni,2015,10
Przeciętne dalsze trwanie życia,rok,Polska,0,Kobiety,2016,81.9
Przeciętne dalsze trwanie życia,rok,Polska,15,Kobiety,2016,67.3
Przeciętne dalsze trwanie życia,rok,Polska,30,Kobiety,2016,52.5
Przeciętne dalsze trwanie życia,rok,Polska,45,Kobiety,2016,38
Przeciętne dalsze trwanie życia,rok,Polska,60,Kobiety,2016,24.5
Przeciętne dalsze trwanie życia,rok,Polska,75,Kobiety,2016,12.8
Przeciętne dalsze trwanie życia,rok,Polska,0,Mężczyźni,2016,73.9
Przeciętne dalsze trwanie życia,rok,Polska,15,Mężczyźni,2016,59.4
Przeciętne dalsze trwanie życia,rok,Polska,30,Mężczyźni,2016,45
Przeciętne dalsze trwanie życia,rok,Polska,45,Mężczyźni,2016,31.2
Przeciętne dalsze trwanie życia,rok,Polska,60,Mężczyźni,2016,19.3
Przeciętne dalsze trwanie życia,rok,Polska,75,Mężczyźni,2016,10.3
Przeciętne dalsze trwanie życia,rok,Polska,0,Kobiety,2017,81.8
Przeciętne dalsze trwanie życia,rok,Polska,15,Kobiety,2017,67.2
Przeciętne dalsze trwanie życia,rok,Polska,30,Kobiety,2017,52.4
Przeciętne dalsze trwanie życia,rok,Polska,45,Kobiety,2017,37.9
Przeciętne dalsze trwanie życia,rok,Polska,60,Kobiety,2017,24.3
Przeciętne dalsze trwanie życia,rok,Polska,75,Kobiety,2017,12.8
Przeciętne dalsze trwanie życia,rok,Polska,0,Mężczyźni,2017,74
Przeciętne dalsze trwanie życia,rok,Polska,15,Mężczyźni,2017,59.4
Przeciętne dalsze trwanie życia,rok,Polska,30,Mężczyźni,2017,45
Przeciętne dalsze trwanie życia,rok,Polska,45,Mężczyźni,2017,31.2
Przeciętne dalsze trwanie życia,rok,Polska,60,Mężczyźni,2017,19.2
Przeciętne dalsze trwanie życia,rok,Polska,75,Mężczyźni,2017,10.2
Przeciętne dalsze trwanie życia,rok,Polska,0,Kobiety,2018,81.7
Przeciętne dalsze trwanie życia,rok,Polska,15,Kobiety,2018,67.1
Przeciętne dalsze trwanie życia,rok,Polska,30,Kobiety,2018,52.3
Przeciętne dalsze trwanie życia,rok,Polska,45,Kobiety,2018,37.7
Przeciętne dalsze trwanie życia,rok,Polska,60,Kobiety,2018,24.2
Przeciętne dalsze trwanie życia,rok,Polska,75,Kobiety,2018,12.7
Przeciętne dalsze trwanie życia,rok,Polska,0,Mężczyźni,2018,73.8
Przeciętne dalsze trwanie życia,rok,Polska,15,Mężczyźni,2018,59.3
Przeciętne dalsze trwanie życia,rok,Polska,30,Mężczyźni,2018,44.9
Przeciętne dalsze trwanie życia,rok,Polska,45,Mężczyźni,2018,31.1
Przeciętne dalsze trwanie życia,rok,Polska,60,Mężczyźni,2018,19.1
Przeciętne dalsze trwanie życia,rok,Polska,75,Mężczyźni,2018,10.2
